[
    {
        "identifier": "passesAll",
        "filename": "demo-passesAll.ipynb"
    },
    {
        "identifier": "fails1",
        "filename": "demo-fails1.ipynb"
    },
    {
        "identifier": "fails2",
        "filename": "demo-fails2.ipynb"
    },
    {
        "identifier": "fails2Hidden",
        "filename": "demo-fails2Hidden.ipynb"
    },
    {
        "identifier": "fails3",
        "filename": "demo-fails3.ipynb"
    },
    {
        "identifier": "fails3Hidden",
        "filename": "demo-fails3Hidden.ipynb"
    }
]